#{"t_start": 1765055502.0717697, "env_id": "None"}
r,l,t
119173.380329,90,1.002588
67317.524714,90,1.05072
162720.919044,90,1.100717
100243.002716,90,1.1493
128165.979355,90,1.199039
255416.472584,90,1.25761
63437.741104,90,1.352507
233468.831385,90,1.432988
224119.670219,90,1.524081
53126.731833,90,1.609841
91155.818771,90,1.694174
108401.845818,90,1.777173
110768.917297,90,1.867847
100049.003838,90,1.954065
67425.315125,90,2.041638
80166.001292,90,2.119697
97849.46587,90,2.21039
135346.119476,90,2.288153
118056.567467,90,2.370274
199075.83703,90,2.44804
206860.448531,90,2.536117
278765.194285,90,2.61806
105988.946167,90,2.700701
219263.721436,90,2.783168
205198.832161,90,2.86838
137389.315346,90,2.956147
228612.929047,90,3.042432
158104.418356,90,3.130682
138126.069031,90,3.223653
96742.775629,90,3.308976
21861.70158,90,3.399937
341691.256729,90,3.484596
8297.46524,90,3.57396
-8483.004593,90,3.654215
220442.687286,90,3.743055
123530.428535,90,3.825267
75969.74437,90,3.916841
244403.727295,90,4.002781
208868.139647,90,4.092344
195385.414753,90,4.175283
317122.503174,90,4.262333
-35423.755814,90,4.348309
-78961.32338,90,4.432038
157728.593531,90,4.510381
267493.808365,90,4.603087
176093.339737,90,4.684304
249247.654381,90,4.769392
311475.635361,90,4.855875
229072.332008,90,4.946768
144384.621618,90,5.024823
79440.486824,90,5.109782
73330.546545,90,5.186488
272589.081854,90,5.272917
199993.274582,90,5.363847
281234.646797,90,5.448205
163655.128067,90,5.53715
259669.531559,90,5.627784
306166.008747,90,5.713073
-70423.894497,90,5.803706
158899.225727,90,5.89091
140460.19194,90,5.987045
143473.427444,90,6.069122
145630.633835,90,6.153727
225167.0697,90,6.238161
274914.321617,90,6.398423
131792.420366,90,6.483112
162219.256264,90,6.574155
83073.864536,90,6.665767
266384.151529,90,6.755198
444838.702656,90,6.845103
382237.619949,90,6.938368
251709.495045,90,7.03133
237799.766693,90,7.128043
332801.599678,90,7.213344
276644.709488,90,7.307756
350708.349411,90,7.394981
218247.079945,90,7.488534
207576.211655,90,7.56997
173070.811069,90,7.659375
4607.857132,90,7.738208
213840.477928,90,7.833642
175825.313736,90,7.925655
295356.168594,90,8.017352
242613.915848,90,8.103414
207892.925713,90,8.197367
297398.611443,90,8.286014
287857.334229,90,8.375878
245920.231323,90,8.46011
175617.126591,90,8.551843
249872.90185,90,8.645334
365430.873506,90,8.736777
315808.927059,90,8.817075
168159.227173,90,8.907427
345524.657345,90,8.99639
188917.160187,90,9.090362
201932.693352,90,9.178909
386178.125961,90,9.271221
194190.249954,90,9.35822
219140.58432,90,9.448806
242334.590157,90,9.532602
385218.444695,90,9.629423
272508.11797,90,9.715145
448380.055313,90,9.81895
300985.146271,90,9.900146
337397.954842,90,9.989447
274247.16642,90,10.081115
203118.262604,90,10.174174
331535.468135,90,10.265294
226274.631512,90,10.36169
232916.389299,90,10.444025
336177.109512,90,10.53709
122768.108612,90,10.804455
239617.40126,90,10.895872
210692.881149,90,10.986913
253448.766113,90,11.077368
272720.697418,90,11.161886
404509.176991,90,11.262088
375712.468063,90,11.351723
318235.580963,90,11.444609
215657.737473,90,11.54211
241216.811642,90,11.638879
89352.678629,90,11.723755
432693.878281,90,11.815536
273578.077782,90,11.898014
232771.282532,90,12.000444
151547.436308,90,12.090709
324431.710915,90,12.187068
232830.131363,90,12.281827
305793.52446,90,12.372311
362986.818584,90,12.464653
335090.58812,90,12.560018
339555.943573,90,12.653693
342642.890179,90,12.750811
219879.164068,90,12.840834
324939.605988,90,12.939355
324646.532139,90,13.035333
134987.675343,90,13.127968
167776.145134,90,13.215838
244938.732021,90,13.303228
213278.506241,90,13.38842
240422.833912,90,13.480813
371907.545303,90,13.577245
300189.257075,90,13.674122
419266.009727,90,13.76815
214630.331167,90,13.866319
222051.1548,90,13.961797
181519.269775,90,14.049872
312778.102619,90,14.140933
229335.381119,90,14.24374
377782.773346,90,14.341433
260942.386078,90,14.436666
138236.938068,90,14.523499
386363.721077,90,14.622151
265418.785507,90,14.715899
339661.496634,90,14.810872
287624.498409,90,14.900615
130380.682961,90,14.999164
253947.192421,90,15.099589
269446.536186,90,15.195677
370248.467697,90,15.283415
348361.224927,90,15.384581
148402.778448,90,15.474407
328657.221661,90,15.578345
264102.091589,90,15.668638
277002.580063,90,15.771009
281362.691086,90,15.867469
222606.370789,90,15.968656
165829.196024,90,16.055228
246805.184181,90,16.154857
362644.607264,90,16.30189
320108.515301,90,16.394763
252615.608349,90,16.4884
242163.360596,90,16.587985
88457.156967,90,16.678875
228636.833817,90,16.781039
264086.595676,90,16.876092
408335.18499,90,16.971676
342073.88517,90,17.06584
350542.675354,90,17.18154
153574.591366,90,17.276313
341731.099356,90,17.378728
311837.135689,90,17.472877
271511.253918,90,17.574931
223744.906219,90,17.677588
391575.091103,90,17.775287
398369.459351,90,17.862724
384321.939697,90,17.974119
327184.969553,90,18.062181
292067.022263,90,18.170079
364181.8936,90,18.258232
289259.168049,90,18.358779
262488.937624,90,18.454712
330643.575317,90,18.5472
279475.729614,90,18.637894
241667.232885,90,18.732259
262501.362076,90,18.828463
314051.644695,90,18.927846
225699.845726,90,19.013019
292622.090477,90,19.106692
266744.578569,90,19.201669
330982.323563,90,19.303858
301607.239803,90,19.395128
229837.675858,90,19.491518
247935.575871,90,19.581861
277199.506531,90,19.690437
228414.180328,90,19.779829
189583.777391,90,19.882623
168093.969423,90,19.978243
251041.598465,90,20.076818
284586.198006,90,20.162205
236760.058857,90,20.262015
179816.170372,90,20.35674
409480.232838,90,20.461352
209054.861061,90,20.553396
280650.505543,90,20.646034
294487.148912,90,20.739586
441770.065445,90,20.845366
338174.427606,90,20.939141
283682.78575,90,21.037487
237400.540863,90,21.126885
289782.007851,90,21.232677
311787.684977,90,21.331087
328769.051559,90,21.596743
316501.866699,90,21.699118
380336.821732,90,21.800285
142971.469597,90,21.891814
299853.8036,90,21.98706
178024.732437,90,22.087506
75289.659412,90,22.20108
280434.280106,90,22.298317
308409.30917,90,22.403553
341921.122257,90,22.496528
274639.56015,90,22.594847
210350.609451,90,22.694924
248143.197983,90,22.794549
280842.733727,90,22.904897
345797.419144,90,23.014714
354889.64637,90,23.106193
364591.440281,90,23.206342
246746.851059,90,23.305107
249797.95504,90,23.430066
289903.443909,90,23.551595
399559.84053,90,23.653189
330880.855755,90,23.754544
343628.539139,90,23.86246
350691.242645,90,23.958422
387166.700848,90,24.056005
107313.889297,90,24.158985
360140.55864,90,24.256124
342483.294281,90,24.347869
331874.436333,90,24.444226
212170.126236,90,24.535866
311806.68457,90,24.633145
183835.605858,90,24.73512
128068.609161,90,24.835626
336354.750427,90,24.935074
237871.964012,90,25.03916
259848.01239,90,25.144501
287170.871811,90,25.245982
300368.810852,90,25.342791
179532.27507,90,25.44054
251159.019211,90,25.542908
388475.1884,90,25.64763
224940.016724,90,25.745945
148609.68041,90,25.840427
158771.300272,90,25.94347
160607.748974,90,26.050905
262997.054714,90,26.14957
274175.751806,90,26.25
166854.598755,90,26.409686
346432.689945,90,26.529091
153517.649879,90,26.62591
57424.518562,90,26.73959
260409.693649,90,26.843111
329293.276672,90,26.950919
306079.487949,90,27.048107
205772.463862,90,27.150414
226444.744049,90,27.248696
389100.257591,90,27.352484
98652.730808,90,27.458664
388130.82106,90,27.565937
294593.990051,90,27.660864
180359.790649,90,27.770036
428310.75013,90,27.877723
297095.175133,90,27.991709
194629.94632,90,28.095156
351186.033834,90,28.205444
320094.581726,90,28.298596
237532.355209,90,28.403952
122966.172375,90,28.495855
313301.249695,90,28.590914
163336.024139,90,28.687845
99097.494556,90,28.787251
236102.341713,90,28.881541
265376.484741,90,28.989896
146610.707077,90,29.082375
306053.320282,90,29.189107
317746.699905,90,29.291783
243804.564941,90,29.400171
202425.286711,90,29.500574
115515.469875,90,29.61407
-11547.197978,90,29.722049
73664.823929,90,29.827802
178803.938946,90,29.928769
-551.303701,90,30.04231
153497.371658,90,30.141813
227484.356586,90,30.241639
96739.683735,90,30.339607
119313.689133,90,30.456999
191220.731812,90,30.560576
212319.043163,90,30.661156
361401.406387,90,30.761757
41147.697682,90,30.872834
206922.411053,90,30.972069
186825.407322,90,31.075893
155210.63245,90,31.186295
128191.129875,90,31.293595
42878.075432,90,31.403327
107162.311218,90,31.507211
103562.992302,90,31.606118
5929.112198,90,31.706852
197780.130264,90,31.807928
183457.216937,90,31.914672
277336.750137,90,32.01521
154467.60775,90,32.126455
96419.954761,90,32.227634
46044.182932,90,32.335713
85638.477154,90,32.441817
251196.565666,90,32.552404
-29925.5135,90,32.65556
34100.431019,90,32.765644
318186.281357,90,32.879388
218114.664122,90,32.995126
140077.818911,90,33.270303
69979.084538,90,33.371331
263812.390495,90,33.467695
154969.009048,90,33.569631
59691.572407,90,33.676741
144644.783609,90,33.789793
68184.622917,90,33.890065
1159.265564,90,34.006212
111468.97345,90,34.10515
152946.523114,90,34.206299
31960.595394,90,34.313055
214843.522274,90,34.42945
103761.283245,90,34.530489
124853.992538,90,34.63797
-49922.262436,90,34.737484
2904.329529,90,34.848259
130637.47316,90,34.953476
62440.573643,90,35.054691
97679.506592,90,35.157384
219770.13217,90,35.269899
220239.659512,90,35.370352
299149.389687,90,35.479919
99286.306316,90,35.583616
32492.910561,90,35.685513
100875.346195,90,35.786058
205403.647064,90,35.903399
79586.918571,90,36.005473
110841.011605,90,36.11962
-73501.670937,90,36.283353
6840.693153,90,36.387297
82440.469906,90,36.488301
256861.893051,90,36.596916
272707.439114,90,36.694717
73168.964035,90,36.805096
-2225.523407,90,36.903186
-137213.903072,90,37.010352
268663.089195,90,37.112743
278512.527888,90,37.224259
184891.762979,90,37.323345
284858.290558,90,37.434986
321046.081909,90,37.536649
-62969.066742,90,37.643252
157985.136429,90,37.750291
220850.345833,90,37.868124
222616.756832,90,37.977806
334534.530014,90,38.083152
124634.256996,90,38.185035
90470.838654,90,38.292622
80514.551506,90,38.39312
18022.110546,90,38.497226
80003.703969,90,38.598569
182134.419155,90,38.701988
236164.106918,90,38.806849
130327.595952,90,38.917765
192460.169441,90,39.021186
184807.43815,90,39.133137
136553.749777,90,39.229483
52337.407178,90,39.340339
154502.526546,90,39.442297
-84622.56958,90,39.555164
-118320.431248,90,39.658268
173957.683388,90,39.763747
361231.507599,90,39.862204
306119.855713,90,39.974247
350832.714111,90,40.072592
31805.18158,90,40.1924
102188.436929,90,40.294412
220073.322807,90,40.396737
98009.695679,90,40.489765
90899.878555,90,40.600728
78390.308754,90,40.708802
158838.546848,90,40.816804
189087.556513,90,40.922812
197527.853456,90,41.026659
228402.785575,90,41.127168
-72230.022755,90,41.234877
-18591.416962,90,41.329612
32800.925652,90,41.43666
14708.49519,90,41.542371
140091.118217,90,41.64986
187720.321156,90,41.75142
139124.728571,90,41.86122
129829.608818,90,41.967277
398030.827682,90,42.071374
361300.242626,90,42.177947
-40821.099472,90,42.28417
150144.263195,90,42.389247
-29764.340401,90,42.502139
37534.332642,90,42.607291
324181.188469,90,42.708799
168110.553532,90,42.80854
244338.685232,90,42.929948
7115.806931,90,43.035651
260370.007256,90,43.141597
199675.160217,90,43.244043
102976.572941,90,43.357075
56926.506554,90,43.460558
163293.407916,90,43.573154
157527.255493,90,43.67087
4982.876602,90,43.776486
139568.616173,90,43.878051
-9421.304695,90,43.987812
88306.560287,90,44.093633
78494.332333,90,44.207776
195290.301809,90,44.3138
167802.658554,90,44.428767
53033.2791,90,44.528271
32518.549789,90,44.641849
136879.661667,90,44.750473
276227.147888,90,44.85772
415837.493065,90,44.965862
375030.91069,90,45.240309
17484.894241,90,45.33927
218272.913727,90,45.446764
211340.547327,90,45.548401
235643.300195,90,45.658238
19036.373199,90,45.760322
-2587.849482,90,45.870474
-57673.587463,90,45.974258
224935.264206,90,46.142797
124069.699648,90,46.241229
89293.681931,90,46.345538
9457.119396,90,46.449031
108793.399841,90,46.55259
101109.07568,90,46.652498
-115562.348751,90,46.758793
79998.676521,90,46.866565
74490.580627,90,46.981399
3565.67169,90,47.078842
85328.33889,90,47.18895
23207.900015,90,47.297003
-43713.227501,90,47.408608
212318.422237,90,47.515633
221863.802941,90,47.615944
-59886.092688,90,47.715422
24379.413696,90,47.822978
65566.312694,90,47.943442
116503.574047,90,48.055816
156418.693665,90,48.155387
74739.77993,90,48.275785
-49244.363605,90,48.374693
164556.873741,90,48.483677
144865.75956,90,48.580695
68365.782595,90,48.687527
21377.794833,90,48.787185
-41589.943703,90,48.8889
-12801.045641,90,48.98495
34839.460953,90,49.097787
298268.092949,90,49.198605
65292.244934,90,49.308885
87958.366768,90,49.409807
-75775.254243,90,49.518282
78065.473227,90,49.621641
174771.303192,90,49.727314
91285.154633,90,49.823538
-17758.398872,90,49.941565
-142414.463398,90,50.047246
35302.437374,90,50.161191
18848.412472,90,50.265534
-34607.019371,90,50.380807
7335.64878,90,50.477418
299261.913664,90,50.595719
172580.500092,90,50.698308
-17339.258482,90,50.807544
12666.825651,90,50.918324
50196.330757,90,51.027034
134234.366798,90,51.139518
138603.345673,90,51.25984
45028.772758,90,51.371574
-9178.954361,90,51.489394
31888.600895,90,51.592606
40516.866924,90,51.706657
-13991.508527,90,51.815368
-23053.421494,90,51.936313
93222.051462,90,52.049968
136581.963989,90,52.167809
-97343.13538,90,52.282557
4058.705305,90,52.392354
115104.897644,90,52.501505
63720.195765,90,52.622521
253742.667645,90,52.732815
134173.940582,90,52.843257
-592.966133,90,52.960188
-53937.482849,90,53.095382
26805.211928,90,53.209372
-48263.071198,90,53.33016
93986.87534,90,53.444793
162076.843002,90,53.55536
-28940.750357,90,53.662369
15524.939625,90,53.777261
-93460.094627,90,53.884677
45507.686188,90,54.006727
80568.428421,90,54.117135
96021.747469,90,54.232941
111424.597679,90,54.344379
132536.287994,90,54.456573
3578.093918,90,54.562005
-56099.560116,90,54.67697
83455.769737,90,54.780735
263748.793049,90,54.895937
155240.337503,90,55.014349
378385.346146,90,55.124121
18398.835382,90,55.230381
-30462.11956,90,55.352269
265128.305008,90,55.464787
155704.070667,90,55.592092
199925.675748,90,55.698238
69883.244236,90,55.811576
248713.780254,90,55.925125
227615.92186,90,56.11271
52716.136642,90,56.22423
76004.337147,90,56.3469
78430.062016,90,56.455507
92629.966276,90,56.563312
132987.581462,90,56.67174
33257.752563,90,56.786324
154712.819763,90,56.895925
294866.679506,90,57.005692
152685.551266,90,57.113233
-49928.720528,90,57.22755
122389.012093,90,57.338897
34553.85627,90,57.458822
-66152.932602,90,57.735002
46220.049105,90,57.850133
185210.017254,90,57.986444
149049.251503,90,58.114439
34879.870953,90,58.225276
197851.255016,90,58.342446
241972.767776,90,58.453933
126475.950054,90,58.573015
133269.455246,90,58.686688
249992.654064,90,58.797278
6703.535294,90,58.904179
107840.960602,90,59.02398
174632.698311,90,59.125904
148195.538898,90,59.238354
12463.928921,90,59.339923
-10275.369164,90,59.447248
94558.086662,90,59.555389
114315.148949,90,59.665639
100625.716576,90,59.769671
172706.478319,90,59.87715
65817.635805,90,59.989602
84422.082439,90,60.114227
71390.295174,90,60.225987
-76856.794342,90,60.332831
32048.48571,90,60.443239
52254.080539,90,60.565357
21673.008301,90,60.673691
215576.344593,90,60.787867
232770.376896,90,60.897979
141586.806541,90,61.01137
2750.162338,90,61.118108
25636.044182,90,61.232254
-3309.37149,90,61.338376
19149.277343,90,61.457478
89182.622852,90,61.566976
242133.24776,90,61.681465
174544.584885,90,61.787321
98823.408264,90,61.900996
91282.762039,90,62.007159
88129.35186,90,62.122067
51788.032104,90,62.226592
124980.951908,90,62.340218
382142.162323,90,62.44214
162478.370346,90,62.552366
137078.986587,90,62.658199
167764.282715,90,62.777153
267371.878662,90,62.894344
174889.995653,90,63.021679
12401.932106,90,63.128442
150321.758018,90,63.241533
173447.928841,90,63.346463
158588.519608,90,63.460099
-37188.056286,90,63.566159
21695.525711,90,63.686612
-22862.146164,90,63.794081
100273.240252,90,63.903975
131967.832047,90,64.013271
131150.062057,90,64.136209
107378.141068,90,64.241422
87052.850998,90,64.351852
-1457.394562,90,64.455601
-14398.590469,90,64.580302
4530.846298,90,64.690982
68210.705639,90,64.808535
76516.521713,90,64.912881
110530.051926,90,65.040165
2609.890625,90,65.15776
326791.086823,90,65.268058
73935.99629,90,65.380978
196435.72188,90,65.497142
68346.904594,90,65.601432
6876.906166,90,65.722089
70136.55043,90,65.832111
59418.691544,90,65.949628
81759.393097,90,66.061756
191348.833313,90,66.186074
107188.660522,90,66.291332
84721.56118,90,66.464265
160369.290741,90,66.567415
111271.483221,90,66.683554
71154.803242,90,66.798443
158578.87925,90,66.913566
121884.37447,90,67.019681
96478.759087,90,67.148886
159652.374123,90,67.255202
50757.051254,90,67.371338
116573.666882,90,67.478899
200083.735939,90,67.586244
147670.492966,90,67.698951
190017.831558,90,67.819411
265923.044373,90,67.938662
246195.200439,90,68.045632
322031.785919,90,68.149241
113647.223724,90,68.267376
68254.414795,90,68.373945
16418.178867,90,68.492023
1780.781311,90,68.605261
-47340.404099,90,68.723078
100036.836515,90,68.832761
288992.280191,90,68.958797
84477.983372,90,69.071692
68104.879421,90,69.188665
-85318.368835,90,69.292835
-39389.012733,90,69.409045
156118.419647,90,69.522167
262308.27352,90,69.636454
-58514.017532,90,69.742121
-106957.457123,90,69.857951
66948.087742,90,69.972287
-53976.321938,90,70.081707
-30252.079163,90,70.190024
63245.401749,90,70.471791
6632.568356,90,70.578341
58353.032509,90,70.700673
-128203.226212,90,70.81172
49085.462265,90,70.919588
185821.453537,90,71.024558
40175.812843,90,71.140858
-104185.403812,90,71.249332
37344.267874,90,71.372929
102574.985895,90,71.477831
-8169.064663,90,71.590568
134372.458874,90,71.696134
62917.784798,90,71.81133
148468.843361,90,71.91585
-133181.470734,90,72.032398
123213.272842,90,72.13765
-12792.005295,90,72.257247
176148.429209,90,72.371676
14871.823753,90,72.483391
-61218.852005,90,72.589484
173705.850876,90,72.697336
58787.47015,90,72.801611
156146.432556,90,72.929686
57114.514225,90,73.035398
-30776.084961,90,73.146659
-1630.023052,90,73.256551
327083.914371,90,73.388256
268614.671215,90,73.495133
139733.629364,90,73.60966
198287.335686,90,73.719628
41965.309387,90,73.83162
234314.640793,90,73.94248
34163.068115,90,74.057061
-84872.459656,90,74.165257
161794.054382,90,74.282666
-6548.278564,90,74.398239
-53505.000171,90,74.514323
45539.483448,90,74.626976
-75819.789032,90,74.744009
-102504.27626,90,74.854244
-35316.169406,90,74.967985
-94357.658329,90,75.076608
-40400.713882,90,75.201866
-55725.957237,90,75.307057
336633.761787,90,75.491861
-28279.491577,90,75.600378
85500.798939,90,75.71665
41706.182621,90,75.832287
18857.601631,90,75.948748
-26524.556866,90,76.057802
-7997.189705,90,76.16964
49366.376829,90,76.279119
44168.276126,90,76.389414
85940.213745,90,76.495731
-27352.414635,90,76.613125
18650.148814,90,76.724033
11201.972809,90,76.831608
258407.061492,90,76.933852
149618.954536,90,77.064276
45715.897038,90,77.171574
-35265.278324,90,77.287452
146409.233349,90,77.393694
51261.214455,90,77.504151
101840.818008,90,77.614145
85050.720703,90,77.724161
-12537.164078,90,77.828341
-8762.294504,90,77.951045
-19374.641052,90,78.06505
75840.800125,90,78.180375
-58383.744873,90,78.293869
25780.214851,90,78.413357
122027.206158,90,78.519627
233453.459103,90,78.636967
70658.341675,90,78.748262
-92388.64518,90,78.87113
62166.420446,90,78.984507
126872.793232,90,79.103556
139095.696581,90,79.210031
18972.656609,90,79.325526
269074.813525,90,79.432005
172210.194683,90,79.54093
154380.309303,90,79.648908
255441.895721,90,79.765355
227960.566038,90,79.872292
73372.730055,90,79.983303
140895.392216,90,80.096668
28016.156609,90,80.212816
247709.411884,90,80.318558
-16261.802177,90,80.437219
-22973.486134,90,80.549493
88332.831665,90,80.676916
244988.007734,90,80.781549
-87705.197592,90,80.901125
35243.591816,90,81.007792
95761.329806,90,81.115834
115790.747131,90,81.226977
74812.810493,90,81.332215
-34294.531342,90,81.445031
19751.069401,90,81.554049
21617.036194,90,81.663943
29968.532227,90,81.772055
150709.835754,90,81.880357
78194.697081,90,82.002053
-35418.935165,90,82.114868
40390.172302,90,82.240679
108073.157921,90,82.357122
447.705929,90,82.478955
52875.441811,90,82.585871
44671.462452,90,82.701806
315893.708487,90,82.809806
-4139.206808,90,82.930102
-67607.102837,90,83.209531
205817.780411,90,83.322975
373930.032784,90,83.433217
131582.214378,90,83.549012
19251.710768,90,83.65224
47124.81105,90,83.771886
125037.377781,90,83.887273
66597.482906,90,84.027529
-38526.939331,90,84.147779
103011.156887,90,84.283143
143352.570091,90,84.418746
117019.655533,90,84.55865
12.701469,90,84.672136
-68111.732052,90,84.793512
97455.051701,90,84.906203
319237.355103,90,85.021606
57822.331871,90,85.127634
33286.429466,90,85.246804
8569.039074,90,85.353649
250629.818665,90,85.478389
8257.335392,90,85.584334
51839.735004,90,85.758221
-85041.533115,90,85.867769
78377.964115,90,85.993053
-43001.274353,90,86.095561
211554.76136,90,86.215978
90601.263023,90,86.329937
-85177.807499,90,86.447903
185382.396767,90,86.557205
-20075.14402,90,86.672233
-47357.205372,90,86.775437
59244.246613,90,86.896062
44535.754883,90,87.003445
14551.124936,90,87.131663
74326.002884,90,87.236198
114590.901009,90,87.350609
72132.500839,90,87.457535
-41175.315376,90,87.575277
286611.839157,90,87.683014
-431.885023,90,87.800828
113315.832668,90,87.916572
168136.639519,90,88.037284
30272.02652,90,88.14431
71202.254574,90,88.254458
50080.510246,90,88.359554
306661.872973,90,88.484555
111685.338528,90,88.589334
203036.755245,90,88.715539
191339.927681,90,88.816435
128727.904598,90,88.927433
-53978.142567,90,89.038255
-79059.473743,90,89.153415
-11357.777641,90,89.267791
173326.407089,90,89.381956
-119040.576588,90,89.49244
-59640.035515,90,89.606501
142727.333008,90,89.731709
17441.373352,90,89.861884
124124.280117,90,89.98095
96078.194153,90,90.110852
267247.323414,90,90.234533
232559.498375,90,90.372851
41318.477051,90,90.498691
10408.665918,90,90.617355
206163.809456,90,90.720717
259582.290768,90,90.902138
-15343.336755,90,91.019814
101083.66884,90,91.148706
4236.52861,90,91.26809
45350.350643,90,91.387134
32537.739128,90,91.501707
145704.976578,90,91.632708
41562.091187,90,91.752071
-85415.063023,90,91.874139
196850.563231,90,91.988715
27777.818199,90,92.121597
-112979.404394,90,92.304126
1931.18717,90,92.489406
73936.207062,90,92.626773
66969.777687,90,92.755015
69009.861817,90,92.885949
141772.357956,90,93.067248
35552.064125,90,93.18597
37893.61319,90,93.318448
63086.53339,90,93.441846
-27284.929173,90,93.563845
114293.016251,90,93.677646
181117.544731,90,93.794374
47501.302696,90,93.903515
68314.638962,90,94.115919
131984.171913,90,94.247583
80335.47118,90,94.379715
214171.828041,90,94.514886
121043.027489,90,94.667695
-78833.693415,90,94.792712
96309.400978,90,94.919132
165637.004302,90,95.041723
88979.5033,90,95.165253
-19744.777084,90,95.290583
-27250.34795,90,95.41678
118843.14616,90,95.539077
-25838.42001,90,95.681847
145159.949715,90,95.802425
195643.505932,90,95.929759
237441.145081,90,96.04574
131266.088943,90,96.205132
-130641.241135,90,96.338035
-33439.438911,90,96.45736
114228.498276,90,96.569172
91530.832787,90,96.677846
-67409.480789,90,96.783456
270188.795048,90,97.093605
306125.716389,90,97.257421
115557.769146,90,97.374227
33046.578819,90,97.497925
100016.237069,90,97.642735
184915.301849,90,97.750439
114242.489635,90,97.864522
30263.614929,90,98.001204
27943.634655,90,98.114431
-17707.871875,90,98.216584
4851.703499,90,98.331444
210021.956022,90,98.452542
61885.941654,90,98.580342
-97649.835736,90,98.684448
22687.882996,90,98.808037
133099.425323,90,98.922288
70144.482258,90,99.056881
-14586.182491,90,99.174922
124513.797081,90,99.293441
164663.144035,90,99.403249
40392.579323,90,99.520618
84239.7186,90,99.632908
77107.959946,90,99.751832
17394.209324,90,99.858881
-67070.16243,90,99.974812
-94613.841803,90,100.077519
213684.088394,90,100.185318
106446.944944,90,100.288131
-54850.261337,90,100.425185
-14245.591984,90,100.541889
82859.211914,90,100.663169
201697.897636,90,100.779057
119982.08091,90,100.903912
93135.392944,90,101.042639
277960.215542,90,101.179043
-5352.393242,90,101.304871
11494.311138,90,101.435657
344725.12397,90,101.55871
159301.634811,90,101.683356
-11819.493946,90,101.807431
352277.409873,90,101.956517
335879.973675,90,102.084085
-119268.824055,90,102.23243
-70486.625282,90,102.365685
175427.164322,90,102.526756
53582.799919,90,102.677692
30494.371417,90,102.800953
226885.867451,90,102.928375
114844.593494,90,103.05949
-6294.096771,90,103.267179
-56087.982719,90,103.422259
111904.498316,90,103.553544
217810.844437,90,103.677534
118550.964233,90,103.787834
206936.655159,90,103.909754
240467.138161,90,104.017452
378004.968649,90,104.138882
218011.038986,90,104.249361
170284.816208,90,104.364494
155028.388325,90,104.472506
220107.576578,90,104.579053
-71471.503441,90,104.678559
-40587.950151,90,104.774318
163879.593073,90,104.87159
47270.195184,90,104.996368
303568.495903,90,105.111694
134735.605103,90,105.228046
-28006.397602,90,105.338537
148753.514824,90,105.453829
30741.413355,90,105.59669
163553.906464,90,105.71078
-33535.540115,90,105.8299
271277.818484,90,105.943452
119077.311092,90,106.045839
218187.892596,90,106.150541
-74961.142673,90,106.249257
69707.867355,90,106.36761
65312.066238,90,106.464288
52462.175114,90,106.578664
4511.860992,90,106.685642
35041.869728,90,106.801083
59121.846008,90,106.906307
80315.417564,90,107.005721
5378.202219,90,107.110396
49090.605586,90,107.219891
-2314.648758,90,107.315161
48159.668916,90,107.482869
1865.294591,90,107.581836
82853.636124,90,107.70356
134880.300396,90,107.806268
33734.793777,90,107.918289
108100.584034,90,108.030264
-94533.606794,90,108.137223
-69618.223404,90,108.23353
35395.151056,90,108.340073
8027.919161,90,108.443192
261938.699924,90,108.559297
211343.067406,90,108.662049
179039.145863,90,108.763813
107208.678421,90,108.862318
147925.555698,90,108.975654
134048.866818,90,109.082755
77079.255543,90,109.216909
125942.880096,90,109.341209
66791.863556,90,109.459239
259816.281021,90,109.555557
79039.753368,90,109.662686
135946.8078,90,109.764219
100333.052361,90,109.870136
57318.325409,90,109.979889
65473.496033,90,110.144683
-26522.261063,90,110.254669
147636.733894,90,110.540988
116378.715408,90,110.64446
59349.457472,90,110.74636
194799.845917,90,110.840441
252413.059153,90,110.944464
19147.777611,90,111.037119
70148.822758,90,111.135129
153106.41835,90,111.235161
230297.167863,90,111.354255
216541.587212,90,111.463662
100963.50132,90,111.576071
250089.785221,90,111.682897
31957.331573,90,111.797155
127975.724476,90,111.903429
219243.746342,90,112.012287
104732.440762,90,112.121175
2990.275372,90,112.233709
137468.292709,90,112.333918
26959.803123,90,112.435507
-47373.530045,90,112.531884
56490.431679,90,112.642566
116862.513988,90,112.748563
84654.117584,90,112.848026
107980.909805,90,112.958728
189962.830202,90,113.075956
192838.629753,90,113.179885
150832.56422,90,113.288615
227303.436783,90,113.38097
221197.300568,90,113.487316
67753.300735,90,113.597598
240455.511929,90,113.721359
-781.412397,90,113.837995
114553.493637,90,113.960925
77543.489761,90,114.076586
52499.281479,90,114.22319
1052.922363,90,114.420858
60548.852219,90,114.560096
30409.884216,90,114.673001
129519.352886,90,114.804575
77305.676537,90,114.912905
270902.059452,90,115.025849
146903.631943,90,115.139435
36109.746735,90,115.256566
-48137.24432,90,115.364941
84443.269905,90,115.480604
-10924.307934,90,115.584981
98419.376246,90,115.691623
213967.977814,90,115.80591
93508.720467,90,115.92896
134164.955528,90,116.040586
230435.565485,90,116.147762
102957.884087,90,116.252597
-24606.755669,90,116.354145
250988.006607,90,116.44711
56735.147236,90,116.549525
32770.115982,90,116.643322
-16435.184402,90,116.748844
-74714.162724,90,116.84803
3059.093674,90,116.949583
-2202.17926,90,117.043501
-54459.315788,90,117.16613
-116696.941467,90,117.264334
-15893.412376,90,117.36513
135472.508091,90,117.463206
118681.435913,90,117.560595
-14610.893196,90,117.660728
81009.505989,90,117.764661
-4217.676392,90,117.868366
-37885.889923,90,117.985764
11368.076416,90,118.078922
148312.686455,90,118.187847
49919.599125,90,118.280523
101981.458748,90,118.390965
-5540.011715,90,118.485688
63668.574585,90,118.58777
-37117.735382,90,118.680251
28200.215069,90,118.785707
77695.42104,90,118.883195
23381.260947,90,118.985817
73547.528076,90,119.082285
153382.645142,90,119.191008
57974.484863,90,119.291373
-56497.284679,90,119.390966
4894.892721,90,119.489124
113189.593048,90,119.659075
-42810.412487,90,119.757457
-29729.151695,90,119.862429
70432.695786,90,119.956391
180454.546906,90,120.062008
157058.150936,90,120.155571
36132.308868,90,120.25709
156110.051552,90,120.351907
123675.779696,90,120.457414
200909.493671,90,120.552066
202930.137825,90,120.659971
77447.140556,90,120.760628
89973.079826,90,120.869358
175582.147577,90,120.970784
-26287.164787,90,121.074221
-16562.499298,90,121.182896
39839.261765,90,121.288847
91320.839378,90,121.396223
243856.355377,90,121.495175
136606.926346,90,121.587663
49810.061729,90,121.716894
-35872.472717,90,121.844383
166191.804352,90,121.981053
143724.41032,90,122.113091
100832.382542,90,122.325655
66046.312759,90,122.450382
77872.028852,90,122.557757
12102.555511,90,122.899965
32730.126085,90,123.017678
-121103.497444,90,123.120729
-39421.651203,90,123.228395
38927.040691,90,123.323072
-53412.489482,90,123.438077
-37276.440599,90,123.54528
213108.84182,90,123.649148
114074.959697,90,123.749583
76752.894806,90,123.859254
-85327.247614,90,123.962888
-54815.861168,90,124.078605
43789.714115,90,124.171472
-115998.099522,90,124.273279
77396.081106,90,124.371589
142271.851433,90,124.484659
-4844.323172,90,124.584986
133490.439835,90,124.687498
6694.458394,90,124.78936
11760.340557,90,124.898297
270325.95145,90,125.002271
246846.235893,90,125.127016
13701.376742,90,125.224556
76494.398048,90,125.331611
-103423.927525,90,125.433242
-76996.63393,90,125.549515
135153.611832,90,125.647999
-374.13063,90,125.807085
87660.020103,90,125.924038
-61008.913631,90,126.03398
-124681.597702,90,126.146389
-23354.811584,90,126.267945
-16604.668409,90,126.37446
209193.787081,90,126.488488
180322.155909,90,126.597372
208214.94052,90,126.706726
-46148.40551,90,126.812011
-20694.046776,90,126.945242
245999.0312,90,127.047177
133597.727131,90,127.15141
136628.717819,90,127.261859
199358.604462,90,127.384509
40383.280441,90,127.483311
-17574.564804,90,127.587797
123473.492641,90,127.687819
-19925.510635,90,127.794163
111856.658043,90,127.907704
52262.719582,90,128.01519
-12385.317308,90,128.129656
189527.964668,90,128.296201
-131126.857857,90,128.410708
-82023.565247,90,128.531106
-73568.847626,90,128.638281
17227.951942,90,128.746133
63986.723251,90,128.848522
71360.226776,90,128.966315
-67412.429054,90,129.079359
48949.78009,90,129.192941
63238.095287,90,129.302782
64768.906021,90,129.415497
-27389.469917,90,129.526585
266680.193777,90,129.643867
-11225.136958,90,129.747364
-12431.381477,90,129.863311
131844.309352,90,129.966238
88492.24044,90,130.076845
20868.654755,90,130.180598
52314.216606,90,130.288704
-82097.433598,90,130.388027
-39979.897075,90,130.492901
-124148.024994,90,130.59203
206192.382477,90,130.704976
60289.333275,90,130.818042
-89716.631371,90,130.995357
107545.18367,90,131.098255
98155.443352,90,131.204975
-118458.975235,90,131.308208
-32697.349617,90,131.42538
-60540.859413,90,131.534608
-65808.672592,90,131.649958
17965.216645,90,131.743552
1505.635298,90,131.862153
10453.326912,90,131.958288
22238.011296,90,132.058735
7656.715942,90,132.161357
-83955.158268,90,132.268819
-20558.369789,90,132.382977
-60356.680389,90,132.490983
-116784.981209,90,132.59003
23425.868752,90,132.691476
-1171.746765,90,132.786023
-88682.075041,90,132.91366
12001.331482,90,133.034365
-61431.803661,90,133.154469
-38144.093498,90,133.261147
-90848.677383,90,133.375749
-107014.89006,90,133.54204
295473.470821,90,133.653561
142489.817535,90,133.758077
-61450.763672,90,133.867444
43036.210133,90,133.979985
-6989.078331,90,134.094421
-109123.323311,90,134.192751
49341.14016,90,134.302989
62089.537052,90,134.398972
129102.203568,90,134.508741
56793.637135,90,134.612025
-105143.2474,90,134.715162
40315.080299,90,134.81185
23891.288849,90,134.912428
144634.219009,90,135.022779
53000.085114,90,135.293655
82735.982758,90,135.390006
39425.403717,90,135.504311
-89835.58234,90,135.642768
-33750.597816,90,135.74506
-132948.625202,90,135.846827
74514.663757,90,135.958272
78942.673019,90,136.06984
261181.718056,90,136.198106
116787.625736,90,136.311155
167806.218607,90,136.425879
105189.188244,90,136.550826
158182.878769,90,136.779251
41129.78184,90,136.892445
-57266.243317,90,137.019781
85769.255161,90,137.139694
66666.436859,90,137.260374
169937.09473,90,137.368027
34713.344738,90,137.53558
-15896.698715,90,137.668713
49073.497345,90,137.809283
37403.476498,90,137.939494
-26918.711979,90,138.059307
135310.61935,90,138.171146
60893.212677,90,138.286607
-72186.231262,90,138.401276
139493.498215,90,138.522566
13959.272697,90,138.639979
155236.102985,90,138.765212
76205.913086,90,138.894787
164611.863945,90,139.031135
23525.676086,90,139.149285
54974.353653,90,139.257419
-5986.767296,90,139.366895
-44070.441597,90,139.484712
-88037.85125,90,139.613075
62015.431339,90,139.739332
239981.742416,90,139.865359
196146.829109,90,140.084969
21823.0159,90,140.207897
36137.751152,90,140.336403
16349.648918,90,140.445565
-103620.368832,90,140.568305
9620.12767,90,140.681595
-46053.813763,90,140.789789
-47422.780846,90,140.905886
-11065.291878,90,141.031865
125917.657349,90,141.142099
-104841.037449,90,141.259608
9435.305538,90,141.371139
175779.879135,90,141.507975
-105189.617649,90,141.622837
56794.829144,90,141.750986
51199.81266,90,141.864137
-64044.176651,90,141.996987
129962.721558,90,142.121448
45815.18618,90,142.239175
-58945.60524,90,142.350374
-41373.435463,90,142.462201
-40011.886513,90,142.573123
37214.513647,90,142.683401
32985.186386,90,142.786778
133774.961906,90,142.92301
8409.880341,90,143.033953
-84848.061542,90,143.155194
213654.46875,90,143.268865
248733.231644,90,143.384906
314321.867157,90,143.486033
118496.119942,90,143.60667
-19102.069973,90,143.715847
270961.962982,90,143.833586
-104450.196529,90,143.94855
-34005.952911,90,144.070253
-14479.556419,90,144.174977
-119722.988882,90,144.352641
39810.61834,90,144.466518
371638.828629,90,144.587238
-25489.16787,90,144.693591
-88285.850319,90,144.817071
340340.980785,90,144.92217
421909.250523,90,145.042454
12341.021851,90,145.159214
95506.437256,90,145.288167
-16126.901016,90,145.392293
11667.962753,90,145.507185
-60464.595589,90,145.621412
48468.845016,90,145.743488
198398.218014,90,145.850971
73463.936539,90,145.965046
-19726.160614,90,146.074112
-58158.941971,90,146.186997
16645.334869,90,146.289838
30677.6026,90,146.41695
72141.054398,90,146.531861
296321.344223,90,146.645409
155077.580975,90,146.753904
325096.000801,90,146.870701
158773.052879,90,146.976912
10803.235703,90,147.101282
-41988.234123,90,147.206815
-18015.464874,90,147.320842
155681.243767,90,147.430895
-69908.065048,90,147.562959
345348.933939,90,147.671945
-63168.734787,90,147.790046
48897.266045,90,147.904291
-25293.8256,90,148.027228
198177.914291,90,148.137454
243217.681427,90,148.251822
56117.394196,90,148.366629
-14404.541725,90,148.488197
125634.204803,90,148.775708
152523.157059,90,148.88562
98157.255836,90,148.990164
138585.748657,90,149.105402
140315.612137,90,149.220932
90448.415901,90,149.337025
-188138.728809,90,149.444683
-25472.142517,90,149.561172
-71364.651028,90,149.669849
-124575.629135,90,149.791123
69461.271343,90,149.897451
287149.520126,90,150.012922
14807.439905,90,150.122827
-42757.506142,90,150.241546
63965.650246,90,150.354957
280287.258514,90,150.469002
-53605.32192,90,150.576003
-149416.888519,90,150.691696
-20732.401869,90,150.800002
44101.755798,90,150.930192
-46488.573372,90,151.031974
-20468.529175,90,151.150265
-81938.566031,90,151.258741
181275.10231,90,151.373303
-54048.809853,90,151.48198
243202.491224,90,151.601441
-57800.349731,90,151.714463
-8090.541279,90,151.820114
25514.117643,90,151.925836
65751.446495,90,152.045865
178646.501919,90,152.157022
9778.565303,90,152.271142
-4834.086189,90,152.379181
114751.074463,90,152.584477
-179051.222538,90,152.693382
135164.853579,90,152.818151
37519.958248,90,152.935233
70847.822689,90,153.059233
109511.031128,90,153.242188
47734.032324,90,153.358545
-117007.509344,90,153.473177
80232.031158,90,153.593169
-97621.602493,90,153.6992
116120.838196,90,153.818601
-175317.501019,90,153.931507
211484.464478,90,154.05339
306813.926195,90,154.166302
189767.816235,90,154.285075
146872.798813,90,154.394928
270131.181679,90,154.50726
27502.77079,90,154.614338
126472.144722,90,154.720788
90446.501846,90,154.827521
-55304.07111,90,154.950703
123214.333649,90,155.06492
37032.358013,90,155.181665
-9723.495644,90,155.293169
198730.23086,90,155.403776
124426.42931,90,155.508879
-47814.493263,90,155.622141
-78789.659565,90,155.727365
-5787.921227,90,155.855481
223921.083389,90,155.965056
111645.078911,90,156.085402
263435.509739,90,156.189255
-66344.796951,90,156.305
31867.172195,90,156.414538
-20290.411362,90,156.526669
208672.319031,90,156.633698
119599.209892,90,156.765415
151500.341667,90,156.869335
102053.206432,90,156.98807
161821.710924,90,157.096646
201968.961945,90,157.210629
177376.305117,90,157.327939
263616.710653,90,157.44873
9737.145409,90,157.560066
-54393.638897,90,157.680633
120179.744246,90,157.78089
-157313.405704,90,157.905591
-60834.762665,90,158.019954
-17733.474785,90,158.136021
-8163.248241,90,158.241403
83753.905022,90,158.360656
61062.207119,90,158.466611
-119238.353619,90,158.594841
114105.571213,90,158.70507
-51789.54147,90,158.813074
43404.028297,90,158.923652
95748.917263,90,159.044053
19021.9473,90,159.149975
124963.794807,90,159.26907
370828.396976,90,159.385791
-12714.695042,90,159.510035
101622.726658,90,159.618175
-24225.806984,90,159.740947
22248.427898,90,159.848006
-3150.349781,90,159.959224
83127.76181,90,160.066734
-85630.672974,90,160.188799
-84264.645803,90,160.29597
-39924.211739,90,160.419146
-38283.36713,90,160.531007
123863.210268,90,160.647745
147025.948074,90,160.760436
200413.38493,90,160.881073
78537.716049,90,160.995381
-22193.926674,90,161.108862
30165.080406,90,161.215026
3706.602783,90,161.338148
32719.557396,90,161.443256
69846.14983,90,161.729152
280106.638651,90,161.825465
140436.691061,90,161.931549
16616.985939,90,162.041305
-49223.346508,90,162.162947
-152564.905342,90,162.279164
129028.352036,90,162.438097
216095.334217,90,162.550201
-55639.741161,90,162.672477
-61824.740658,90,162.789654
106463.296931,90,162.906134
-63052.620987,90,163.014246
-81670.839432,90,163.141222
12287.893013,90,163.249006
242104.284271,90,163.365562
-137093.161859,90,163.475476
17066.098724,90,163.586919
-38021.685303,90,163.696608
-6201.663006,90,163.810464
211283.497711,90,163.927667
71280.383801,90,164.055753
171083.787323,90,164.157109
-31802.963882,90,164.27251
21445.339241,90,164.38191
80652.245903,90,164.505328
-41601.34668,90,164.61943
134311.534267,90,164.726382
-65409.768433,90,164.834908
-9043.171631,90,164.957292
299624.613689,90,165.074081
-43465.314011,90,165.186528
93589.157969,90,165.291059
316236.729664,90,165.407422
91949.736191,90,165.515532
181637.04463,90,165.622294
-122187.671047,90,165.733503
-145811.299747,90,165.855366
301706.855265,90,165.969355
-11950.637886,90,166.084663
188198.564903,90,166.187307
-56651.551048,90,166.30139
-20105.173172,90,166.413168
-80096.625179,90,166.527743
-37818.603088,90,166.63661
577.974953,90,166.754463
43645.511234,90,166.857905
291292.648094,90,166.967705
-135139.939449,90,167.077306
4123.552963,90,167.198694
110864.56501,90,167.313542
-65414.771321,90,167.440096
486077.956114,90,167.550296
77644.324348,90,167.671777
-53657.259557,90,167.787559
-103067.281488,90,167.910187
-76328.611153,90,168.021541
-80057.748468,90,168.135122
-31449.659711,90,168.243636
-107194.719861,90,168.359845
-84119.10424,90,168.473589
-35136.006393,90,168.597965
-83682.21431,90,168.707156
-153849.192032,90,168.815269
-21525.872435,90,168.930727
-148508.145832,90,169.050706
133112.895752,90,169.152902
-22482.576092,90,169.270385
-147603.843063,90,169.389638
-119157.920616,90,169.515197
-105026.444168,90,169.624817
-22849.251534,90,169.743199
232681.044067,90,169.852432
-112235.905754,90,169.964327
-100504.294144,90,170.071112
-23066.214554,90,170.174764
90716.705147,90,170.278015
-12706.456774,90,170.404595
-30089.687849,90,170.512511
90945.264343,90,170.624245
133954.500069,90,170.72481
-55268.827168,90,170.839528
-27715.50679,90,170.945141
104901.435234,90,171.060963
-70244.369507,90,171.179479
65147.898308,90,171.315706
106310.99264,90,171.450834
-32181.781721,90,171.582478
125609.517689,90,171.709821
101869.055164,90,171.834809
-11318.95742,90,171.951555
-76461.598709,90,172.139199
-60640.126354,90,172.25966
-88555.448715,90,172.401843
-95470.698975,90,172.512955
-77065.75338,90,172.6255
773.005949,90,172.73786
-144547.656954,90,172.858195
3350.212845,90,172.986446
10118.488209,90,173.117923
-51689.054764,90,173.231694
88207.330963,90,173.361622
212583.019077,90,173.477648
138230.535568,90,173.598822
21223.685307,90,173.71205
-149377.411093,90,173.827912
-28570.099176,90,173.938844
-40884.572075,90,174.057332
-56312.516098,90,174.165184
-73123.140854,90,174.301365
4826.276978,90,174.437932
-13345.870765,90,174.568913
114058.784544,90,174.849954
-34823.581959,90,174.964657
103721.628952,90,175.067652
-65960.429657,90,175.183871
242482.356743,90,175.28709
24315.856636,90,175.401996
84957.670029,90,175.514184
298392.469322,90,175.625249
-61807.741241,90,175.727298
-58597.432022,90,175.839085
48036.177979,90,175.938662
34566.412216,90,176.075438
220164.309601,90,176.182033
293559.671299,90,176.360387
356828.003483,90,176.466271
100835.109261,90,176.577946
157405.477615,90,176.686074
44469.859741,90,176.808597
149313.428917,90,176.920493
21484.556866,90,177.047216
96723.798523,90,177.160902
-31773.678833,90,177.275165
194751.959152,90,177.389631
-2470.670385,90,177.512076
98553.61071,90,177.629673
69852.551361,90,177.749593
11541.135889,90,177.855125
92956.366859,90,177.99421
64345.615425,90,178.109255
-4950.954258,90,178.222446
258681.112106,90,178.325674
14650.483727,90,178.436887
55862.610191,90,178.540157
165258.138603,90,178.653414
31430.389786,90,178.755588
71005.371231,90,178.876062
41616.917719,90,178.993363
167742.373669,90,179.10838
-137303.98069,90,179.210782
42364.441643,90,179.320731
147536.793194,90,179.433239
151437.80823,90,179.551589
68339.342552,90,179.678035
-27877.589058,90,179.799372
82301.652527,90,179.907985
80994.893417,90,180.02988
-13283.15786,90,180.14122
-9510.970192,90,180.254795
177365.303986,90,180.361187
-105748.957314,90,180.475416
-23065.089005,90,180.577652
15294.041641,90,180.698135
117839.159149,90,180.799534
19062.366034,90,180.919051
240843.8752,90,181.023753
113417.28566,90,181.135038
237188.88208,90,181.236979
47808.552004,90,181.355235
25618.783165,90,181.465835
102335.010822,90,181.596446
228072.115576,90,181.693911
-111162.528225,90,181.814509
-96624.101189,90,181.922666
79530.514654,90,182.032861
-10084.317352,90,182.146876
230547.82991,90,182.261372
152500.347069,90,182.366961
23053.610176,90,182.496083
11637.901871,90,182.604934
124363.29847,90,182.71755
10380.013442,90,182.829546
365746.619789,90,182.950034
113669.043442,90,183.056064
99494.444199,90,183.174373
103470.096649,90,183.28041
-108104.767784,90,183.405092
-94186.102276,90,183.519037
25479.433365,90,183.636127
-59672.622925,90,183.748926
-13472.65831,90,183.856015
-9009.071243,90,183.963405
94865.275192,90,184.081837
74692.775497,90,184.194528
81664.620667,90,184.321528
131101.973862,90,184.430385
-19055.437775,90,184.546695
-128273.270412,90,184.652667
49425.266129,90,184.759729
-38695.977707,90,184.862027
278887.581429,90,184.973015
49492.638265,90,185.075958
-6443.701038,90,185.260159
-3518.364049,90,185.369872
-7171.18856,90,185.483436
-22110.199873,90,185.597887
105979.385887,90,185.707879
-59020.236259,90,185.81213
-21818.189445,90,185.928941
3748.486496,90,186.045458
-24387.945333,90,186.164134
128004.794014,90,186.268104
173182.880295,90,186.379605
-30864.022627,90,186.486216
45619.3265,90,186.600132
-48431.845268,90,186.704502
100134.550369,90,186.822502
12862.762062,90,186.932345
-123323.757881,90,187.056975
104325.636948,90,187.162066
162054.370567,90,187.277265
44122.269983,90,187.389324
